"Table 1: Age-standardised avoidable, treatable and preventable mortality rates by sex and deprivation decile, England, 2001 to 2020 [note 1],[note 2],[note 3],[note 4],[note 6],[note 7],[note 8],[note 15], [note 17]",,,,,,,
This worksheet contains one table. The notes can be found on the notes worksheet.,,,,,,,
Back to contents,,,,,,,
Measure,Year,Sex,Decile,Deaths ,Rate,Lower CI,Upper CI
Avoidable mortality,2001,Males,1,12786,787.1,773.3,800.9
Avoidable mortality,2001,Males,2,10373,634.7,622.3,647.1
Avoidable mortality,2001,Males,3,9368,571.5,559.8,583.3
Avoidable mortality,2001,Males,4,8239,472.9,462.5,483.2
Avoidable mortality,2001,Males,5,7798,429.4,419.8,439.0
Avoidable mortality,2001,Males,6,7203,379.7,370.9,388.6
Avoidable mortality,2001,Males,7,6818,348.3,340.0,356.7
Avoidable mortality,2001,Males,8,6536,333.8,325.7,341.9
Avoidable mortality,2001,Males,9,5823,294.2,286.6,301.8
Avoidable mortality,2001,Males,10,5007,259.9,252.7,267.2
Avoidable mortality,2002,Males,1,12392,769.5,755.7,783.2
Avoidable mortality,2002,Males,2,10015,616.8,604.5,629
Avoidable mortality,2002,Males,3,8982,543.9,532.5,555.3
Avoidable mortality,2002,Males,4,8095,459.4,449.3,469.5
Avoidable mortality,2002,Males,5,7637,414,404.6,423.4
Avoidable mortality,2002,Males,6,7169,372.8,364.1,381.5
Avoidable mortality,2002,Males,7,6739,339.2,331,347.3
Avoidable mortality,2002,Males,8,6376,319.4,311.5,327.3
Avoidable mortality,2002,Males,9,5792,287.6,280.1,295
Avoidable mortality,2002,Males,10,5006,256.4,249.2,263.6
Avoidable mortality,2003,Males,1,12066,749.6,736,763.1
Avoidable mortality,2003,Males,2,10012,614,601.8,626.2
Avoidable mortality,2003,Males,3,8783,529.4,518.1,540.6
Avoidable mortality,2003,Males,4,8011,451,441,461
Avoidable mortality,2003,Males,5,7497,401.1,391.9,410.2
Avoidable mortality,2003,Males,6,6985,358.9,350.4,367.4
Avoidable mortality,2003,Males,7,6633,328.6,320.7,336.6
Avoidable mortality,2003,Males,8,6255,308.3,300.6,316
Avoidable mortality,2003,Males,9,5687,277.6,270.4,284.9
Avoidable mortality,2003,Males,10,4880,245.6,238.6,252.6
Avoidable mortality,2004,Males,1,11671,718.4,705.2,731.7
Avoidable mortality,2004,Males,2,9416,587.9,575.8,600
Avoidable mortality,2004,Males,3,8277,488.4,477.7,499.1
Avoidable mortality,2004,Males,4,7563,426.6,416.8,436.3
Avoidable mortality,2004,Males,5,7203,374.6,365.9,383.3
Avoidable mortality,2004,Males,6,6744,344.7,336.4,353
Avoidable mortality,2004,Males,7,6321,307.6,299.9,315.2
Avoidable mortality,2004,Males,8,5909,289.3,281.9,296.8
Avoidable mortality,2004,Males,9,5465,264.2,257.1,271.2
Avoidable mortality,2004,Males,10,4666,229.9,223.2,236.6
Avoidable mortality,2005,Males,1,11227,689,676,702
Avoidable mortality,2005,Males,2,9208,573.8,561.8,585.7
Avoidable mortality,2005,Males,3,8209,480.3,469.8,490.9
Avoidable mortality,2005,Males,4,7471,418.5,408.9,428.1
Avoidable mortality,2005,Males,5,7220,370.7,362.1,379.4
Avoidable mortality,2005,Males,6,6547,328.8,320.7,336.8
Avoidable mortality,2005,Males,7,6184,296,288.5,303.4
Avoidable mortality,2005,Males,8,5866,282.3,275,289.5
Avoidable mortality,2005,Males,9,5215,248.2,241.4,255
Avoidable mortality,2005,Males,10,4554,219.9,213.5,226.4
Avoidable mortality,2006,Males,1,10995,671.7,658.8,684.5
Avoidable mortality,2006,Males,2,8825,548.4,536.7,560.1
Avoidable mortality,2006,Males,3,8117,472,461.6,482.5
Avoidable mortality,2006,Males,4,7293,402.8,393.5,412.2
Avoidable mortality,2006,Males,5,6947,352.9,344.5,361.3
Avoidable mortality,2006,Males,6,6208,308.4,300.7,316.1
Avoidable mortality,2006,Males,7,5977,282.6,275.4,289.9
Avoidable mortality,2006,Males,8,5558,264.2,257.2,271.2
Avoidable mortality,2006,Males,9,5153,241,234.4,247.7
Avoidable mortality,2006,Males,10,4415,211.4,205.2,217.7
Avoidable mortality,2007,Males,1,10980,661.7,649.1,674.3
Avoidable mortality,2007,Males,2,8772,534.7,523.2,546.1
Avoidable mortality,2007,Males,3,7661,442.8,432.7,452.9
Avoidable mortality,2007,Males,4,7215,391.9,382.7,401.1
Avoidable mortality,2007,Males,5,6766,340.9,332.7,349.1
Avoidable mortality,2007,Males,6,6211,297.3,289.9,304.8
Avoidable mortality,2007,Males,7,5876,273.7,266.6,280.7
Avoidable mortality,2007,Males,8,5365,247.1,240.4,253.7
Avoidable mortality,2007,Males,9,5037,235.1,228.5,241.6
Avoidable mortality,2007,Males,10,4234,201.4,195.2,207.5
Avoidable mortality,2008,Males,1,11096,660.2,647.7,672.8
Avoidable mortality,2008,Males,2,8776,528.4,517.1,539.7
Avoidable mortality,2008,Males,3,7856,444.5,434.5,454.5
Avoidable mortality,2008,Males,4,7016,371.8,363,380.6
Avoidable mortality,2008,Males,5,6607,326.7,318.8,334.7
Avoidable mortality,2008,Males,6,6288,295.2,287.9,302.6
Avoidable mortality,2008,Males,7,5863,266.6,259.7,273.4
Avoidable mortality,2008,Males,8,5378,242.7,236.2,249.2
Avoidable mortality,2008,Males,9,5023,230,223.6,236.5
Avoidable mortality,2008,Males,10,4232,196.3,190.3,202.3
Avoidable mortality,2009,Males,1,10692,632,619.8,644.3
Avoidable mortality,2009,Males,2,8415,497.9,487,508.8
Avoidable mortality,2009,Males,3,7574,421.8,412.1,431.5
Avoidable mortality,2009,Males,4,6929,362.9,354.3,371.6
Avoidable mortality,2009,Males,5,6495,315.4,307.7,323.2
Avoidable mortality,2009,Males,6,5991,276.1,269,283.1
Avoidable mortality,2009,Males,7,5711,254.7,248,261.3
Avoidable mortality,2009,Males,8,5396,239,232.6,245.4
Avoidable mortality,2009,Males,9,4962,221.4,215.2,227.6
Avoidable mortality,2009,Males,10,4088,186,180.2,191.7
Avoidable mortality,2010,Males,1,10168,597,585.2,608.9
Avoidable mortality,2010,Males,2,8129,478.2,467.5,488.8
Avoidable mortality,2010,Males,3,7396,408.5,399.1,418
Avoidable mortality,2010,Males,4,7027,362.9,354.3,371.4
Avoidable mortality,2010,Males,5,6539,312.3,304.7,320
Avoidable mortality,2010,Males,6,6016,273.2,266.2,280.1
Avoidable mortality,2010,Males,7,5731,250.9,244.4,257.5
Avoidable mortality,2010,Males,8,5184,225.7,219.6,231.9
Avoidable mortality,2010,Males,9,4883,214,208,220.1
Avoidable mortality,2010,Males,10,4096,183.7,178.1,189.4
Avoidable mortality,2011,Males,1,10192,590.6,578.9,602.4
Avoidable mortality,2011,Males,2,7958,459.4,449,469.7
Avoidable mortality,2011,Males,3,7144,387.1,377.9,396.2
Avoidable mortality,2011,Males,4,6708,335.4,327.3,343.6
Avoidable mortality,2011,Males,5,6096,286.1,278.9,293.4
Avoidable mortality,2011,Males,6,5799,261,254.2,267.8
Avoidable mortality,2011,Males,7,5616,246.6,240.1,253.1
Avoidable mortality,2011,Males,8,5073,222.8,216.7,229
Avoidable mortality,2011,Males,9,4717,205.6,199.7,211.6
Avoidable mortality,2011,Males,10,3817,167.7,162.3,173
Avoidable mortality,2012,Males,1,9836,563.4,552,574.7
Avoidable mortality,2012,Males,2,7888,447,436.9,457
Avoidable mortality,2012,Males,3,7086,379.2,370.2,388.2
Avoidable mortality,2012,Males,4,6585,325.7,317.8,333.7
Avoidable mortality,2012,Males,5,6176,284.9,277.7,292
Avoidable mortality,2012,Males,6,5796,254.9,248.3,261.5
Avoidable mortality,2012,Males,7,5403,233.3,227.1,239.6
Avoidable mortality,2012,Males,8,4917,211.4,205.4,217.3
Avoidable mortality,2012,Males,9,4462,190.9,185.2,196.5
Avoidable mortality,2012,Males,10,3777,163,157.8,168.3
Avoidable mortality,2013,Males,1,9848,558,546.7,569.3
Avoidable mortality,2013,Males,2,7934,444.1,434.1,454.1
Avoidable mortality,2013,Males,3,7112,373.8,364.9,382.6
Avoidable mortality,2013,Males,4,6810,328.6,320.7,336.5
Avoidable mortality,2013,Males,5,6268,283.7,276.7,290.8
Avoidable mortality,2013,Males,6,5933,256.8,250.2,263.4
Avoidable mortality,2013,Males,7,5439,230.3,224.2,236.5
Avoidable mortality,2013,Males,8,5057,213.4,207.5,219.3
Avoidable mortality,2013,Males,9,4655,195.3,189.7,201
Avoidable mortality,2013,Males,10,3949,166.8,161.6,172.1
Avoidable mortality,2014,Males,1,10192,568.2,556.9,579.4
Avoidable mortality,2014,Males,2,8038,441.2,431.3,451
Avoidable mortality,2014,Males,3,7409,381,372.2,389.9
Avoidable mortality,2014,Males,4,6743,318.9,311.2,326.6
Avoidable mortality,2014,Males,5,6310,280.1,273.1,287
Avoidable mortality,2014,Males,6,5771,244,237.7,250.3
Avoidable mortality,2014,Males,7,5344,222.3,216.3,228.3
Avoidable mortality,2014,Males,8,5081,210.5,204.7,216.3
Avoidable mortality,2014,Males,9,4572,187.7,182.3,193.2
Avoidable mortality,2014,Males,10,3905,161.7,156.6,166.8
Avoidable mortality,2015,Males,1,10193,559.4,548.3,570.6
Avoidable mortality,2015,Males,2,8363,449.5,439.7,459.4
Avoidable mortality,2015,Males,3,7660,385.6,376.8,394.4
Avoidable mortality,2015,Males,4,6855,317.9,310.3,325.4
Avoidable mortality,2015,Males,5,6305,274.7,267.9,281.5
Avoidable mortality,2015,Males,6,5906,246,239.7,252.3
Avoidable mortality,2015,Males,7,5388,219.4,213.5,225.2
Avoidable mortality,2015,Males,8,5022,204.2,198.5,209.9
Avoidable mortality,2015,Males,9,4638,187,181.6,192.4
Avoidable mortality,2015,Males,10,3945,160.9,155.9,166
Avoidable mortality,2016,Males,1,10652,567.8,556.8,578.8
Avoidable mortality,2016,Males,2,8380,434.7,425.2,444.2
Avoidable mortality,2016,Males,3,7638,374.2,365.7,382.7
Avoidable mortality,2016,Males,4,7073,318.5,311.1,326
Avoidable mortality,2016,Males,5,6419,273.8,267.1,280.6
Avoidable mortality,2016,Males,6,5907,241.8,235.7,248
Avoidable mortality,2016,Males,7,5492,221.2,215.3,227
Avoidable mortality,2016,Males,8,5087,202,196.4,207.5
Avoidable mortality,2016,Males,9,4574,182.1,176.8,187.4
Avoidable mortality,2016,Males,10,3907,155.9,151,160.8
Avoidable mortality,2017,Males,1,10654,556.2,545.5,566.9
Avoidable mortality,2017,Males,2,8604,435.9,426.6,445.3
Avoidable mortality,2017,Males,3,7542,361.4,353.2,369.7
Avoidable mortality,2017,Males,4,7147,314.5,307.2,321.8
Avoidable mortality,2017,Males,5,6406,267.9,261.3,274.5
Avoidable mortality,2017,Males,6,5856,234.8,228.7,240.8
Avoidable mortality,2017,Males,7,5556,219.3,213.5,225.1
Avoidable mortality,2017,Males,8,5208,202.4,196.9,207.9
Avoidable mortality,2017,Males,9,4559,177.7,172.5,182.9
Avoidable mortality,2017,Males,10,3883,151.4,146.6,156.2
Avoidable mortality,2018,Males,1,10772,553.4,542.8,564
Avoidable mortality,2018,Males,2,8831,439.2,429.9,448.5
Avoidable mortality,2018,Males,3,7622,358.5,350.4,366.6
Avoidable mortality,2018,Males,4,7229,312.9,305.6,320.1
Avoidable mortality,2018,Males,5,6649,273.8,267.2,280.4
Avoidable mortality,2018,Males,6,6118,241.9,235.8,247.9
Avoidable mortality,2018,Males,7,5587,217.5,211.8,223.2
Avoidable mortality,2018,Males,8,5077,195.2,189.8,200.6
Avoidable mortality,2018,Males,9,4789,185.2,179.9,190.4
Avoidable mortality,2018,Males,10,3925,152.6,147.8,157.4
Avoidable mortality,2019,Males,1,10592,535.7,525.4,546
Avoidable mortality,2019,Males,2,8603,421.3,412.3,430.3
Avoidable mortality,2019,Males,3,7605,351.7,343.8,359.7
Avoidable mortality,2019,Males,4,7074,303.1,296,310.2
Avoidable mortality,2019,Males,5,6393,260.9,254.5,267.3
Avoidable mortality,2019,Males,6,5907,231.4,225.5,237.3
Avoidable mortality,2019,Males,7,5437,210.2,204.6,215.8
Avoidable mortality,2019,Males,8,5092,195,189.6,200.4
Avoidable mortality,2019,Males,9,4674,179.7,174.5,184.9
Avoidable mortality,2019,Males,10,3896,150.3,145.5,155
Avoidable mortality,2020,Males,1,12980,653.6,642.2,664.9
Avoidable mortality,2020,Males,2,10491,509,499.2,518.9
Avoidable mortality,2020,Males,3,9334,429.9,421.2,438.7
Avoidable mortality,2020,Males,4,8405,356.3,348.6,363.9
Avoidable mortality,2020,Males,5,7575,306.6,299.7,313.5
Avoidable mortality,2020,Males,6,6982,271.6,265.2,278
Avoidable mortality,2020,Males,7,6411,246.3,240.3,252.3
Avoidable mortality,2020,Males,8,5849,222.6,216.9,228.3
Avoidable mortality,2020,Males,9,5400,205.9,200.3,211.4
Avoidable mortality,2020,Males,10,4450,170.9,165.9,176
Avoidable mortality,2020 (excluding COVID-19),Males,1,11178,558.5,548.1,569
Avoidable mortality,2020 (excluding COVID-19),Males,2,8846,426.2,417.2,435.1
Avoidable mortality,2020 (excluding COVID-19),Males,3,7818,357.8,349.8,365.8
Avoidable mortality,2020 (excluding COVID-19),Males,4,7219,305.1,298,312.1
Avoidable mortality,2020 (excluding COVID-19),Males,5,6505,263.1,256.7,269.5
Avoidable mortality,2020 (excluding COVID-19),Males,6,6054,235.6,229.7,241.6
Avoidable mortality,2020 (excluding COVID-19),Males,7,5531,212.9,207.3,218.5
Avoidable mortality,2020 (excluding COVID-19),Males,8,5019,191.5,186.2,196.9
Avoidable mortality,2020 (excluding COVID-19),Males,9,4619,176.6,171.5,181.7
Avoidable mortality,2020 (excluding COVID-19),Males,10,3862,149,144.3,153.7
Treatable mortality,2001,Males,1,4384.5,277.4,269.2,285.7
Treatable mortality,2001,Males,2,3578.5,225.4,217.9,232.9
Treatable mortality,2001,Males,3,3304,206.5,199.4,213.6
Treatable mortality,2001,Males,4,2924.5,171.6,165.3,177.8
Treatable mortality,2001,Males,5,2881,161.8,155.8,167.7
Treatable mortality,2001,Males,6,2611.5,139.9,134.5,145.3
Treatable mortality,2001,Males,7,2534.5,131.2,126.1,136.3
Treatable mortality,2001,Males,8,2483.5,128.3,123.2,133.4
Treatable mortality,2001,Males,9,2157,110.1,105.4,114.7
Treatable mortality,2001,Males,10,1905.5,100.4,95.8,104.9
Treatable mortality,2002,Males,1,4291,274,265.8,282.3
Treatable mortality,2002,Males,2,3436.5,217.6,210.3,225
Treatable mortality,2002,Males,3,3091,192,185.2,198.8
Treatable mortality,2002,Males,4,2851,165.4,159.3,171.5
Treatable mortality,2002,Males,5,2788.5,154.1,148.3,159.8
Treatable mortality,2002,Males,6,2609,137.6,132.3,142.9
Treatable mortality,2002,Males,7,2486.5,126.6,121.6,131.6
Treatable mortality,2002,Males,8,2355.5,119.4,114.6,124.3
Treatable mortality,2002,Males,9,2195.5,109.9,105.3,114.5
Treatable mortality,2002,Males,10,1888.5,97.7,93.3,102.1
Treatable mortality,2003,Males,1,4099.5,261.8,253.7,269.9
Treatable mortality,2003,Males,2,3441,216.9,209.6,224.3
Treatable mortality,2003,Males,3,3078,190.5,183.7,197.3
Treatable mortality,2003,Males,4,2898,167.3,161.1,173.4
Treatable mortality,2003,Males,5,2670.5,145.4,139.9,151
Treatable mortality,2003,Males,6,2484,129.4,124.3,134.5
Treatable mortality,2003,Males,7,2409.5,120.8,116,125.7
Treatable mortality,2003,Males,8,2309,115.2,110.5,120
Treatable mortality,2003,Males,9,2142,105.5,101,110
Treatable mortality,2003,Males,10,1812.5,91.9,87.7,96.2
Treatable mortality,2004,Males,1,3926.5,250,242,257.9
Treatable mortality,2004,Males,2,3185.5,204.6,197.4,211.8
Treatable mortality,2004,Males,3,2933.5,177.1,170.6,183.6
Treatable mortality,2004,Males,4,2651,153.5,147.6,159.4
Treatable mortality,2004,Males,5,2537,134.1,128.9,139.4
Treatable mortality,2004,Males,6,2466.5,127.8,122.7,132.9
Treatable mortality,2004,Males,7,2315.5,113.4,108.8,118.1
Treatable mortality,2004,Males,8,2131.5,105.7,101.1,110.2
Treatable mortality,2004,Males,9,1997,97.6,93.3,101.9
Treatable mortality,2004,Males,10,1710.5,85.2,81.2,89.3
Treatable mortality,2005,Males,1,3741,236,228.3,243.7
Treatable mortality,2005,Males,2,3074.5,196.5,189.4,203.6
Treatable mortality,2005,Males,3,2765,166.1,159.8,172.3
Treatable mortality,2005,Males,4,2540.5,145.8,140.1,151.5
Treatable mortality,2005,Males,5,2522.5,132.4,127.2,137.6
Treatable mortality,2005,Males,6,2319,118.3,113.5,123.2
Treatable mortality,2005,Males,7,2181,105.8,101.3,110.3
Treatable mortality,2005,Males,8,2073,100.9,96.5,105.3
Treatable mortality,2005,Males,9,1863,89.8,85.7,93.9
Treatable mortality,2005,Males,10,1670.5,81.4,77.4,85.3
Treatable mortality,2006,Males,1,3477,221.2,213.7,228.6
Treatable mortality,2006,Males,2,2971,189.9,182.9,196.8
Treatable mortality,2006,Males,3,2717,162.2,156,168.3
Treatable mortality,2006,Males,4,2452,139.1,133.5,144.7
Treatable mortality,2006,Males,5,2421,125.2,120.2,130.2
Treatable mortality,2006,Males,6,2151,108.3,103.7,112.9
Treatable mortality,2006,Males,7,2088.5,99.8,95.5,104.1
Treatable mortality,2006,Males,8,1969.5,94.5,90.3,98.7
Treatable mortality,2006,Males,9,1864.5,88.1,84.1,92.1
Treatable mortality,2006,Males,10,1606.5,77.3,73.5,81.1
Treatable mortality,2007,Males,1,3513.5,218.2,210.9,225.6
Treatable mortality,2007,Males,2,2836.5,178.7,172,185.4
Treatable mortality,2007,Males,3,2535,150.8,144.9,156.8
Treatable mortality,2007,Males,4,2350.5,131,125.7,136.4
Treatable mortality,2007,Males,5,2318,119,114.1,123.8
Treatable mortality,2007,Males,6,2151,104.2,99.7,108.6
Treatable mortality,2007,Males,7,2012.5,94.5,90.3,98.6
Treatable mortality,2007,Males,8,1905.5,88.5,84.5,92.5
Treatable mortality,2007,Males,9,1753,82.5,78.6,86.4
Treatable mortality,2007,Males,10,1526.5,73.2,69.5,76.9
Treatable mortality,2008,Males,1,3460,212.3,205.1,219.5
Treatable mortality,2008,Males,2,2774,172,165.5,178.6
Treatable mortality,2008,Males,3,2516.5,146.6,140.7,152.4
Treatable mortality,2008,Males,4,2272.5,123.3,118.2,128.4
Treatable mortality,2008,Males,5,2200.5,110.7,106,115.3
Treatable mortality,2008,Males,6,2143.5,101.9,97.5,106.2
Treatable mortality,2008,Males,7,2032,93.1,89,97.2
Treatable mortality,2008,Males,8,1871.5,84.8,81,88.7
Treatable mortality,2008,Males,9,1748.5,80.9,77.1,84.7
Treatable mortality,2008,Males,10,1514.5,70.7,67.1,74.3
Treatable mortality,2009,Males,1,3340.5,203.3,196.3,210.4
Treatable mortality,2009,Males,2,2648.5,161.4,155.2,167.7
Treatable mortality,2009,Males,3,2455.5,141.2,135.6,146.9
Treatable mortality,2009,Males,4,2280.5,121.9,116.8,126.9
Treatable mortality,2009,Males,5,2184.5,107.8,103.3,112.4
Treatable mortality,2009,Males,6,2054.5,95.5,91.4,99.7
Treatable mortality,2009,Males,7,1917,85.9,82,89.8
Treatable mortality,2009,Males,8,1829.5,81.4,77.7,85.2
Treatable mortality,2009,Males,9,1716,76.8,73.2,80.5
Treatable mortality,2009,Males,10,1411.5,64.7,61.3,68.2
Treatable mortality,2010,Males,1,3145.5,190,183.2,196.8
Treatable mortality,2010,Males,2,2647.5,160.2,154,166.4
Treatable mortality,2010,Males,3,2348.5,133.8,128.3,139.3
Treatable mortality,2010,Males,4,2300.5,120.8,115.8,125.8
Treatable mortality,2010,Males,5,2143,103.9,99.4,108.3
Treatable mortality,2010,Males,6,2051.5,94,89.9,98.1
Treatable mortality,2010,Males,7,1950,85.7,81.9,89.5
Treatable mortality,2010,Males,8,1761,76.9,73.3,80.5
Treatable mortality,2010,Males,9,1682,74.1,70.5,77.7
Treatable mortality,2010,Males,10,1438,64.5,61.1,67.8
Treatable mortality,2011,Males,1,3084,182.2,175.6,188.8
Treatable mortality,2011,Males,2,2489.5,147.2,141.3,153.1
Treatable mortality,2011,Males,3,2238,123.7,118.4,128.9
Treatable mortality,2011,Males,4,2064.5,105.4,100.8,110
Treatable mortality,2011,Males,5,1937,92.1,88,96.3
Treatable mortality,2011,Males,6,1896,86.1,82.2,90
Treatable mortality,2011,Males,7,1830.5,80.7,77,84.4
Treatable mortality,2011,Males,8,1687.5,74.7,71.1,78.3
Treatable mortality,2011,Males,9,1575,69,65.6,72.5
Treatable mortality,2011,Males,10,1301.5,57.1,54,60.2
Treatable mortality,2012,Males,1,2979,174.8,168.4,181.2
Treatable mortality,2012,Males,2,2436.5,140.2,134.5,145.8
Treatable mortality,2012,Males,3,2214.5,121.2,116,126.3
Treatable mortality,2012,Males,4,2043,103.1,98.5,107.6
Treatable mortality,2012,Males,5,1996.5,92.8,88.7,96.9
Treatable mortality,2012,Males,6,1924,85.2,81.4,89
Treatable mortality,2012,Males,7,1793,77.9,74.3,81.5
Treatable mortality,2012,Males,8,1610,69.5,66.1,72.9
Treatable mortality,2012,Males,9,1446.5,62.3,59,65.5
Treatable mortality,2012,Males,10,1265.5,54.6,51.6,57.6
Treatable mortality,2013,Males,1,2863,166.1,159.9,172.3
Treatable mortality,2013,Males,2,2468,141.1,135.5,146.8
Treatable mortality,2013,Males,3,2172,116.4,111.4,121.4
Treatable mortality,2013,Males,4,2143,104.8,100.3,109.3
Treatable mortality,2013,Males,5,2003,91.6,87.6,95.6
Treatable mortality,2013,Males,6,1918,83.9,80.1,87.6
Treatable mortality,2013,Males,7,1713.5,72.9,69.4,76.4
Treatable mortality,2013,Males,8,1652.5,69.7,66.3,73.1
Treatable mortality,2013,Males,9,1501,62.9,59.7,66.2
Treatable mortality,2013,Males,10,1348.5,56.7,53.7,59.8
Treatable mortality,2014,Males,1,3018,172.5,166.2,178.7
Treatable mortality,2014,Males,2,2473,138,132.4,143.5
Treatable mortality,2014,Males,3,2301.5,121,116,126
Treatable mortality,2014,Males,4,2070.5,99.2,94.9,103.6
Treatable mortality,2014,Males,5,2006.5,89.9,85.9,93.8
Treatable mortality,2014,Males,6,1840,78.3,74.7,81.9
Treatable mortality,2014,Males,7,1694.5,70.6,67.2,74
Treatable mortality,2014,Males,8,1665,68.8,65.5,72.2
Treatable mortality,2014,Males,9,1512.5,62.1,59,65.3
Treatable mortality,2014,Males,10,1360,56.1,53.1,59.1
Treatable mortality,2015,Males,1,3108.5,173.5,167.2,179.7
Treatable mortality,2015,Males,2,2538.5,139,133.5,144.5
Treatable mortality,2015,Males,3,2402.5,123.4,118.3,128.4
Treatable mortality,2015,Males,4,2133.5,100.5,96.2,104.8
Treatable mortality,2015,Males,5,2073.5,90.8,86.9,94.8
Treatable mortality,2015,Males,6,1927.5,80.6,77,84.2
Treatable mortality,2015,Males,7,1788,72.8,69.4,76.2
Treatable mortality,2015,Males,8,1698,68.9,65.6,72.2
Treatable mortality,2015,Males,9,1531.5,61.5,58.4,64.5
Treatable mortality,2015,Males,10,1365.5,55.4,52.4,58.3
Treatable mortality,2016,Males,1,3219.5,174.8,168.6,180.9
Treatable mortality,2016,Males,2,2577.5,136.4,131,141.7
Treatable mortality,2016,Males,3,2471.5,123.2,118.3,128.2
Treatable mortality,2016,Males,4,2217,100.9,96.6,105.1
Treatable mortality,2016,Males,5,2065,88.6,84.7,92.4
Treatable mortality,2016,Males,6,1900.5,78,74.5,81.5
Treatable mortality,2016,Males,7,1782,71.7,68.4,75
Treatable mortality,2016,Males,8,1691,67,63.8,70.2
Treatable mortality,2016,Males,9,1562,61.9,58.9,65
Treatable mortality,2016,Males,10,1339,53,50.2,55.9
Treatable mortality,2017,Males,1,3225,170.6,164.6,176.5
Treatable mortality,2017,Males,2,2729,140.7,135.4,146.1
Treatable mortality,2017,Males,3,2362,114.8,110.1,119.5
Treatable mortality,2017,Males,4,2318,102.9,98.7,107.1
Treatable mortality,2017,Males,5,2102,88.2,84.4,92
Treatable mortality,2017,Males,6,1861.5,74.6,71.2,78
Treatable mortality,2017,Males,7,1867.5,73.4,70.1,76.8
Treatable mortality,2017,Males,8,1746,67.5,64.3,70.7
Treatable mortality,2017,Males,9,1525.5,59,56.1,62
Treatable mortality,2017,Males,10,1343.5,52,49.2,54.8
Treatable mortality,2018,Males,1,3222,168.1,162.2,174
Treatable mortality,2018,Males,2,2727.5,138.2,133,143.5
Treatable mortality,2018,Males,3,2401.5,114.1,109.5,118.7
Treatable mortality,2018,Males,4,2389.5,104.4,100.2,108.6
Treatable mortality,2018,Males,5,2120.5,87.8,84,91.5
Treatable mortality,2018,Males,6,1997.5,79,75.5,82.5
Treatable mortality,2018,Males,7,1816.5,70.3,67.1,73.6
Treatable mortality,2018,Males,8,1706.5,65.4,62.3,68.5
Treatable mortality,2018,Males,9,1631,62.6,59.5,65.6
Treatable mortality,2018,Males,10,1367,52.5,49.7,55.3
Treatable mortality,2019,Males,1,3175.5,163.4,157.7,169.2
Treatable mortality,2019,Males,2,2673,132.9,127.8,138
Treatable mortality,2019,Males,3,2367,111.3,106.8,115.8
Treatable mortality,2019,Males,4,2205.5,95.4,91.4,99.4
Treatable mortality,2019,Males,5,2085.5,85.4,81.7,89.1
Treatable mortality,2019,Males,6,1893,74.2,70.9,77.6
Treatable mortality,2019,Males,7,1807,69.6,66.4,72.8
Treatable mortality,2019,Males,8,1687.5,64.1,61.1,67.2
Treatable mortality,2019,Males,9,1555,59.2,56.3,62.2
Treatable mortality,2019,Males,10,1329.5,50.9,48.2,53.7
Treatable mortality,2020,Males,1,3438.5,174.3,168.4,180.1
Treatable mortality,2020,Males,2,2761,135,130,140.1
Treatable mortality,2020,Males,3,2448,113.5,109,118.1
Treatable mortality,2020,Males,4,2299,98,94,102
Treatable mortality,2020,Males,5,2152.5,87.3,83.6,91
Treatable mortality,2020,Males,6,1980,77,73.6,80.4
Treatable mortality,2020,Males,7,1867.5,71.6,68.3,74.8
Treatable mortality,2020,Males,8,1690,63.8,60.8,66.9
Treatable mortality,2020,Males,9,1586,60.2,57.3,63.2
Treatable mortality,2020,Males,10,1366.5,52.1,49.3,54.9
Preventable mortality,2001,Males,1,8401.5,509.7,498.6,520.7
Preventable mortality,2001,Males,2,6794.5,409.3,399.4,419.2
Preventable mortality,2001,Males,3,6064,365.0,355.7,374.3
Preventable mortality,2001,Males,4,5314.5,301.3,293.1,309.5
Preventable mortality,2001,Males,5,4917,267.7,260.1,275.2
Preventable mortality,2001,Males,6,4591.5,239.8,232.9,246.8
Preventable mortality,2001,Males,7,4283.5,217.1,210.6,223.7
Preventable mortality,2001,Males,8,4052.5,205.5,199.1,211.8
Preventable mortality,2001,Males,9,3666,184.1,178.1,190.1
Preventable mortality,2001,Males,10,3101.5,159.6,153.9,165.2
Preventable mortality,2002,Males,1,8101,495.4,484.5,506.4
Preventable mortality,2002,Males,2,6578.5,399.1,389.3,408.9
Preventable mortality,2002,Males,3,5891,351.9,342.8,361.1
Preventable mortality,2002,Males,4,5244,294,285.9,302.1
Preventable mortality,2002,Males,5,4848.5,259.9,252.5,267.3
Preventable mortality,2002,Males,6,4560,235.2,228.4,242.1
Preventable mortality,2002,Males,7,4252.5,212.5,206.1,219
Preventable mortality,2002,Males,8,4020.5,200,193.7,206.2
Preventable mortality,2002,Males,9,3596.5,177.6,171.8,183.5
Preventable mortality,2002,Males,10,3117.5,158.7,153.1,164.3
Preventable mortality,2003,Males,1,7966.5,487.7,476.8,498.6
Preventable mortality,2003,Males,2,6571,397.1,387.3,406.8
Preventable mortality,2003,Males,3,5705,338.8,329.9,347.8
Preventable mortality,2003,Males,4,5113,283.7,275.8,291.6
Preventable mortality,2003,Males,5,4826.5,255.6,248.3,262.9
Preventable mortality,2003,Males,6,4501,229.5,222.7,236.3
Preventable mortality,2003,Males,7,4223.5,207.8,201.5,214.1
Preventable mortality,2003,Males,8,3946,193.1,187,199.1
Preventable mortality,2003,Males,9,3545,172.2,166.5,177.9
Preventable mortality,2003,Males,10,3067.5,153.7,148.2,159.1
Preventable mortality,2004,Males,1,7744.5,468.5,457.8,479.1
Preventable mortality,2004,Males,2,6230.5,383.4,373.7,393.1
Preventable mortality,2004,Males,3,5343.5,311.3,302.8,319.8
Preventable mortality,2004,Males,4,4912,273,265.3,280.7
Preventable mortality,2004,Males,5,4666,240.4,233.5,247.4
Preventable mortality,2004,Males,6,4277.5,216.8,210.3,223.4
Preventable mortality,2004,Males,7,4005.5,194.1,188.1,200.2
Preventable mortality,2004,Males,8,3777.5,183.7,177.8,189.6
Preventable mortality,2004,Males,9,3468,166.6,161,172.2
Preventable mortality,2004,Males,10,2955.5,144.6,139.4,149.9
Preventable mortality,2005,Males,1,7486,453,442.5,463.4
Preventable mortality,2005,Males,2,6133.5,377.3,367.6,386.9
Preventable mortality,2005,Males,3,5444,314.3,305.8,322.8
Preventable mortality,2005,Males,4,4930.5,272.7,265,280.4
Preventable mortality,2005,Males,5,4697.5,238.3,231.4,245.2
Preventable mortality,2005,Males,6,4228,210.4,204,216.8
Preventable mortality,2005,Males,7,4003,190.2,184.2,196.1
Preventable mortality,2005,Males,8,3793,181.4,175.6,187.2
Preventable mortality,2005,Males,9,3352,158.4,153,163.8
Preventable mortality,2005,Males,10,2883.5,138.5,133.4,143.7
Preventable mortality,2006,Males,1,7518,450.5,440.1,460.9
Preventable mortality,2006,Males,2,5854,358.5,349.1,367.9
Preventable mortality,2006,Males,3,5400,309.9,301.4,318.3
Preventable mortality,2006,Males,4,4841,263.7,256.2,271.3
Preventable mortality,2006,Males,5,4526,227.7,221,234.4
Preventable mortality,2006,Males,6,4057,200.1,193.9,206.3
Preventable mortality,2006,Males,7,3888.5,182.9,177.1,188.6
Preventable mortality,2006,Males,8,3588.5,169.7,164.1,175.3
Preventable mortality,2006,Males,9,3288.5,152.9,147.7,158.2
Preventable mortality,2006,Males,10,2808.5,134.1,129.1,139.2
Preventable mortality,2007,Males,1,7466.5,443.4,433.2,453.7
Preventable mortality,2007,Males,2,5935.5,355.9,346.7,365.2
Preventable mortality,2007,Males,3,5126,292,283.9,300.2
Preventable mortality,2007,Males,4,4864.5,260.9,253.4,268.3
Preventable mortality,2007,Males,5,4448,221.9,215.3,228.5
Preventable mortality,2007,Males,6,4060,193.1,187.2,199.1
Preventable mortality,2007,Males,7,3863.5,179.2,173.5,184.9
Preventable mortality,2007,Males,8,3459.5,158.6,153.2,163.9
Preventable mortality,2007,Males,9,3284,152.5,147.3,157.8
Preventable mortality,2007,Males,10,2707.5,128.2,123.3,133.1
Preventable mortality,2008,Males,1,7636,448,437.7,458.2
Preventable mortality,2008,Males,2,6002,356.4,347.2,365.6
Preventable mortality,2008,Males,3,5339.5,298,289.8,306.1
Preventable mortality,2008,Males,4,4743.5,248.5,241.3,255.7
Preventable mortality,2008,Males,5,4406.5,216,209.6,222.5
Preventable mortality,2008,Males,6,4144.5,193.3,187.4,199.3
Preventable mortality,2008,Males,7,3831,173.5,167.9,179
Preventable mortality,2008,Males,8,3506.5,157.9,152.6,163.1
Preventable mortality,2008,Males,9,3274.5,149.2,144,154.3
Preventable mortality,2008,Males,10,2717.5,125.6,120.8,130.3
Preventable mortality,2009,Males,1,7351.5,428.7,418.6,438.7
Preventable mortality,2009,Males,2,5766.5,336.5,327.5,345.4
Preventable mortality,2009,Males,3,5118.5,280.6,272.7,288.4
Preventable mortality,2009,Males,4,4648.5,241,234,248.1
Preventable mortality,2009,Males,5,4310.5,207.6,201.3,213.8
Preventable mortality,2009,Males,6,3936.5,180.5,174.9,186.2
Preventable mortality,2009,Males,7,3794,168.8,163.4,174.2
Preventable mortality,2009,Males,8,3566.5,157.6,152.4,162.8
Preventable mortality,2009,Males,9,3246,144.5,139.5,149.5
Preventable mortality,2009,Males,10,2676.5,121.2,116.6,125.8
Preventable mortality,2010,Males,1,7022.5,407,397.3,416.8
Preventable mortality,2010,Males,2,5481.5,317.9,309.3,326.6
Preventable mortality,2010,Males,3,5047.5,274.7,267,282.4
Preventable mortality,2010,Males,4,4726.5,242,235,249
Preventable mortality,2010,Males,5,4396,208.5,202.2,214.7
Preventable mortality,2010,Males,6,3964.5,179.2,173.5,184.8
Preventable mortality,2010,Males,7,3781,165.2,159.9,170.5
Preventable mortality,2010,Males,8,3423,148.8,143.8,153.8
Preventable mortality,2010,Males,9,3201,139.9,135.1,144.8
Preventable mortality,2010,Males,10,2658,119.3,114.7,123.8
Preventable mortality,2011,Males,1,7108,408.4,398.7,418.1
Preventable mortality,2011,Males,2,5468.5,312.2,303.7,320.7
Preventable mortality,2011,Males,3,4906,263.4,255.9,271
Preventable mortality,2011,Males,4,4643.5,230,223.3,236.7
Preventable mortality,2011,Males,5,4159,194,188.1,199.9
Preventable mortality,2011,Males,6,3903,174.9,169.3,180.4
Preventable mortality,2011,Males,7,3785.5,165.9,160.6,171.2
Preventable mortality,2011,Males,8,3385.5,148.1,143.1,153.1
Preventable mortality,2011,Males,9,3142,136.6,131.8,141.4
Preventable mortality,2011,Males,10,2515.5,110.6,106.2,114.9
Preventable mortality,2012,Males,1,6857,388.5,379.1,398
Preventable mortality,2012,Males,2,5451.5,306.8,298.5,315.1
Preventable mortality,2012,Males,3,4871.5,258.1,250.7,265.5
Preventable mortality,2012,Males,4,4542,222.7,216.1,229.2
Preventable mortality,2012,Males,5,4179.5,192,186.2,197.9
Preventable mortality,2012,Males,6,3872,169.6,164.3,175
Preventable mortality,2012,Males,7,3610,155.5,150.4,160.6
Preventable mortality,2012,Males,8,3307,141.9,137,146.7
Preventable mortality,2012,Males,9,3015.5,128.6,124,133.2
Preventable mortality,2012,Males,10,2511.5,108.4,104.1,112.7
Preventable mortality,2013,Males,1,6985,391.9,382.5,401.3
Preventable mortality,2013,Males,2,5466,302.9,294.7,311.1
Preventable mortality,2013,Males,3,4940,257.4,250.1,264.7
Preventable mortality,2013,Males,4,4667,223.8,217.3,230.3
Preventable mortality,2013,Males,5,4265,192.1,186.3,197.9
Preventable mortality,2013,Males,6,4015,172.9,167.6,178.3
Preventable mortality,2013,Males,7,3725.5,157.5,152.4,162.5
Preventable mortality,2013,Males,8,3404.5,143.7,138.8,148.5
Preventable mortality,2013,Males,9,3154,132.4,127.7,137
Preventable mortality,2013,Males,10,2600.5,110.1,105.8,114.4
Preventable mortality,2014,Males,1,7174,395.7,386.3,405.1
Preventable mortality,2014,Males,2,5565,303.2,295,311.3
Preventable mortality,2014,Males,3,5107.5,260,252.7,267.3
Preventable mortality,2014,Males,4,4672.5,219.6,213.3,226
Preventable mortality,2014,Males,5,4303.5,190.2,184.5,195.9
Preventable mortality,2014,Males,6,3931,165.7,160.5,170.9
Preventable mortality,2014,Males,7,3649.5,151.7,146.8,156.7
Preventable mortality,2014,Males,8,3416,141.7,136.9,146.4
Preventable mortality,2014,Males,9,3059.5,125.6,121.1,130.1
Preventable mortality,2014,Males,10,2545,105.6,101.5,109.7
Preventable mortality,2015,Males,1,7084.5,386,376.8,395.2
Preventable mortality,2015,Males,2,5824.5,310.5,302.4,318.7
Preventable mortality,2015,Males,3,5257.5,262.2,255,269.4
Preventable mortality,2015,Males,4,4721.5,217.4,211.1,223.6
Preventable mortality,2015,Males,5,4231.5,183.9,178.3,189.5
Preventable mortality,2015,Males,6,3978.5,165.4,160.2,170.5
Preventable mortality,2015,Males,7,3600,146.5,141.7,151.3
Preventable mortality,2015,Males,8,3324,135.3,130.7,139.9
Preventable mortality,2015,Males,9,3106.5,125.5,121.1,130
Preventable mortality,2015,Males,10,2579.5,105.5,101.4,109.6
Preventable mortality,2016,Males,1,7432.5,393,383.9,402.1
Preventable mortality,2016,Males,2,5802.5,298.4,290.5,306.2
Preventable mortality,2016,Males,3,5166.5,250.9,244,257.9
Preventable mortality,2016,Males,4,4856,217.7,211.5,223.8
Preventable mortality,2016,Males,5,4354,185.3,179.7,190.8
Preventable mortality,2016,Males,6,4006.5,163.9,158.8,169
Preventable mortality,2016,Males,7,3710,149.5,144.7,154.3
Preventable mortality,2016,Males,8,3396,135,130.5,139.6
Preventable mortality,2016,Males,9,3012,120.2,115.9,124.5
Preventable mortality,2016,Males,10,2568,102.8,98.8,106.8
Preventable mortality,2017,Males,1,7429,385.6,376.7,394.5
Preventable mortality,2017,Males,2,5875,295.2,287.6,302.9
Preventable mortality,2017,Males,3,5180,246.7,239.9,253.4
Preventable mortality,2017,Males,4,4829,211.6,205.6,217.6
Preventable mortality,2017,Males,5,4304,179.7,174.3,185.1
Preventable mortality,2017,Males,6,3994.5,160.2,155.2,165.1
Preventable mortality,2017,Males,7,3688.5,145.9,141.1,150.6
Preventable mortality,2017,Males,8,3462,134.9,130.4,139.4
Preventable mortality,2017,Males,9,3033.5,118.6,114.4,122.9
Preventable mortality,2017,Males,10,2539.5,99.4,95.5,103.3
Preventable mortality,2018,Males,1,7550,385.3,376.5,394.1
Preventable mortality,2018,Males,2,6103.5,301,293.3,308.6
Preventable mortality,2018,Males,3,5220.5,244.4,237.7,251.1
Preventable mortality,2018,Males,4,4839.5,208.5,202.6,214.4
Preventable mortality,2018,Males,5,4528.5,186,180.6,191.4
Preventable mortality,2018,Males,6,4120.5,162.9,157.9,167.8
Preventable mortality,2018,Males,7,3770.5,147.2,142.5,151.9
Preventable mortality,2018,Males,8,3370.5,129.8,125.4,134.2
Preventable mortality,2018,Males,9,3158,122.6,118.3,126.9
Preventable mortality,2018,Males,10,2558,100.1,96.2,104
Preventable mortality,2019,Males,1,7416.5,372.3,363.7,380.9
Preventable mortality,2019,Males,2,5930,288.4,280.9,295.8
Preventable mortality,2019,Males,3,5238,240.4,233.9,247
Preventable mortality,2019,Males,4,4868.5,207.6,201.8,213.5
Preventable mortality,2019,Males,5,4307.5,175.5,170.2,180.7
Preventable mortality,2019,Males,6,4014,157.2,152.4,162.1
Preventable mortality,2019,Males,7,3630,140.6,136,145.2
Preventable mortality,2019,Males,8,3404.5,130.9,126.5,135.3
Preventable mortality,2019,Males,9,3119,120.5,116.2,124.7
Preventable mortality,2019,Males,10,2566.5,99.3,95.5,103.2
Preventable mortality,2020,Males,1,9541.5,479.3,469.6,489
Preventable mortality,2020,Males,2,7730,374,365.6,382.4
Preventable mortality,2020,Males,3,6886,316.4,308.9,323.9
Preventable mortality,2020,Males,4,6106,258.3,251.8,264.8
Preventable mortality,2020,Males,5,5422.5,219.3,213.5,225.2
Preventable mortality,2020,Males,6,5002,194.7,189.3,200.1
Preventable mortality,2020,Males,7,4543.5,174.7,169.6,179.8
Preventable mortality,2020,Males,8,4159,158.8,153.9,163.6
Preventable mortality,2020,Males,9,3814,145.6,141,150.3
Preventable mortality,2020,Males,10,3083.5,118.8,114.6,123.1
Preventable mortality,2020 (excluding COVID-19),Males,1,7739.5,384.3,375.6,392.9
Preventable mortality,2020 (excluding COVID-19),Males,2,6085,291.1,283.7,298.5
Preventable mortality,2020 (excluding COVID-19),Males,3,5370,244.2,237.7,250.8
Preventable mortality,2020 (excluding COVID-19),Males,4,4920,207.1,201.3,212.9
Preventable mortality,2020 (excluding COVID-19),Males,5,4352.5,175.8,170.6,181
Preventable mortality,2020 (excluding COVID-19),Males,6,4074,158.7,153.8,163.6
Preventable mortality,2020 (excluding COVID-19),Males,7,3663.5,141.3,136.7,145.9
Preventable mortality,2020 (excluding COVID-19),Males,8,3329,127.7,123.3,132
Preventable mortality,2020 (excluding COVID-19),Males,9,3033,116.4,112.2,120.6
Preventable mortality,2020 (excluding COVID-19),Males,10,2495.5,96.9,93.1,100.7
Avoidable mortality,2001,Females,1,7479,429.5,419.7,439.3
Avoidable mortality,2001,Females,2,6207,347.1,338.4,355.8
Avoidable mortality,2001,Females,3,5697,312,303.9,320.2
Avoidable mortality,2001,Females,4,5221,272.7,265.3,280.1
Avoidable mortality,2001,Females,5,4990,251,244,258
Avoidable mortality,2001,Females,6,4650,225.8,219.2,232.3
Avoidable mortality,2001,Females,7,4279,202.4,196.3,208.5
Avoidable mortality,2001,Females,8,3981,188.9,183,194.8
Avoidable mortality,2001,Females,9,3786,178.2,172.5,183.9
Avoidable mortality,2001,Females,10,3269,158.8,153.3,164.3
Avoidable mortality,2002,Females,1,7164,416.7,407,426.5
Avoidable mortality,2002,Females,2,6012,339.2,330.6,347.9
Avoidable mortality,2002,Females,3,5503,303.2,295.1,311.2
Avoidable mortality,2002,Females,4,5055,263.5,256.2,270.8
Avoidable mortality,2002,Females,5,4816,240.7,233.9,247.5
Avoidable mortality,2002,Females,6,4535,218.7,212.3,225.1
Avoidable mortality,2002,Females,7,4346,203.1,197,209.1
Avoidable mortality,2002,Females,8,3953,184.6,178.8,190.4
Avoidable mortality,2002,Females,9,3651,168.5,163,174
Avoidable mortality,2002,Females,10,3263,156,150.6,161.3
Avoidable mortality,2003,Females,1,7051,413.6,403.9,423.4
Avoidable mortality,2003,Females,2,5935,336,327.4,344.7
Avoidable mortality,2003,Females,3,5483,302.7,294.7,310.8
Avoidable mortality,2003,Females,4,5093,263.6,256.4,270.9
Avoidable mortality,2003,Females,5,4704,232.5,225.9,239.2
Avoidable mortality,2003,Females,6,4508,215.1,208.8,221.4
Avoidable mortality,2003,Females,7,4164,191.8,185.9,197.6
Avoidable mortality,2003,Females,8,3915,180.2,174.6,185.9
Avoidable mortality,2003,Females,9,3774,171.5,166,177
Avoidable mortality,2003,Females,10,3202,150.3,145.1,155.6
Avoidable mortality,2004,Females,1,6694,390.4,381,399.9
Avoidable mortality,2004,Females,2,5721,330.6,321.9,339.2
Avoidable mortality,2004,Females,3,5287,287.8,280,295.6
Avoidable mortality,2004,Females,4,4769,248.2,241.2,255.3
Avoidable mortality,2004,Females,5,4446,214.9,208.5,221.2
Avoidable mortality,2004,Females,6,4236,201.7,195.6,207.8
Avoidable mortality,2004,Females,7,4101,186.3,180.6,192
Avoidable mortality,2004,Females,8,3825,175.6,170,181.2
Avoidable mortality,2004,Females,9,3585,161.9,156.6,167.2
Avoidable mortality,2004,Females,10,3026,139.1,134.1,144.1
Avoidable mortality,2005,Females,1,6408,376,366.7,385.3
Avoidable mortality,2005,Females,2,5461,317.6,309.1,326.1
Avoidable mortality,2005,Females,3,5086,277.2,269.5,284.9
Avoidable mortality,2005,Females,4,4794,249.3,242.2,256.4
Avoidable mortality,2005,Females,5,4467,214.5,208.2,220.8
Avoidable mortality,2005,Females,6,4228,199.7,193.6,205.7
Avoidable mortality,2005,Females,7,3989,179.1,173.6,184.7
Avoidable mortality,2005,Females,8,3723,168.4,163,173.8
Avoidable mortality,2005,Females,9,3553,158,152.8,163.3
Avoidable mortality,2005,Females,10,3004,136.1,131.2,141
Avoidable mortality,2006,Females,1,6373,376.5,367.2,385.9
Avoidable mortality,2006,Females,2,5202,304.6,296.2,313
Avoidable mortality,2006,Females,3,4844,264.2,256.7,271.7
Avoidable mortality,2006,Females,4,4567,236.8,229.9,243.7
Avoidable mortality,2006,Females,5,4371,208.5,202.3,214.7
Avoidable mortality,2006,Females,6,4115,193,187.1,198.9
Avoidable mortality,2006,Females,7,3915,174,168.5,179.4
Avoidable mortality,2006,Females,8,3753,168.4,163,173.8
Avoidable mortality,2006,Females,9,3471,153.3,148.2,158.5
Avoidable mortality,2006,Females,10,3081,138.1,133.2,143
Avoidable mortality,2007,Females,1,6326,370.4,361.2,379.6
Avoidable mortality,2007,Females,2,5296,307.5,299.1,315.9
Avoidable mortality,2007,Females,3,4691,255.5,248.1,262.9
Avoidable mortality,2007,Females,4,4465,228.6,221.9,235.4
Avoidable mortality,2007,Females,5,4315,205.1,199,211.3
Avoidable mortality,2007,Females,6,4038,182.8,177.1,188.5
Avoidable mortality,2007,Females,7,3859,169,163.7,174.4
Avoidable mortality,2007,Females,8,3666,159.9,154.7,165.1
Avoidable mortality,2007,Females,9,3363,148.2,143.2,153.2
Avoidable mortality,2007,Females,10,2959,131.6,126.8,136.4
Avoidable mortality,2008,Females,1,6417,373.2,364,382.5
Avoidable mortality,2008,Females,2,5355,306.7,298.4,315
Avoidable mortality,2008,Females,3,4914,264.5,257,271.9
Avoidable mortality,2008,Females,4,4480,225.5,218.9,232.2
Avoidable mortality,2008,Females,5,4304,201.5,195.5,207.6
Avoidable mortality,2008,Females,6,4012,178.6,173.1,184.2
Avoidable mortality,2008,Females,7,3865,166.6,161.3,171.8
Avoidable mortality,2008,Females,8,3565,152.7,147.7,157.8
Avoidable mortality,2008,Females,9,3411,146.4,141.5,151.4
Avoidable mortality,2008,Females,10,2935,127.7,123,132.3
Avoidable mortality,2009,Females,1,5920,341.5,332.7,350.3
Avoidable mortality,2009,Females,2,5024,285.2,277.2,293.1
Avoidable mortality,2009,Females,3,4730,251.8,244.6,259
Avoidable mortality,2009,Females,4,4443,220.6,214.1,227.1
Avoidable mortality,2009,Females,5,4158,192.2,186.4,198.1
Avoidable mortality,2009,Females,6,3831,167.4,162.1,172.7
Avoidable mortality,2009,Females,7,3724,156.9,151.8,161.9
Avoidable mortality,2009,Females,8,3578,149.5,144.6,154.5
Avoidable mortality,2009,Females,9,3275,137.3,132.6,142.1
Avoidable mortality,2009,Females,10,2825,120.6,116.1,125.1
Avoidable mortality,2010,Females,1,6016,346.6,337.7,355.5
Avoidable mortality,2010,Females,2,4901,276.7,268.9,284.6
Avoidable mortality,2010,Females,3,4677,245.5,238.4,252.6
Avoidable mortality,2010,Females,4,4269,210.5,204.2,216.9
Avoidable mortality,2010,Females,5,4099,186,180.3,191.7
Avoidable mortality,2010,Females,6,3942,169.5,164.2,174.8
Avoidable mortality,2010,Females,7,3682,153.5,148.5,158.5
Avoidable mortality,2010,Females,8,3549,146,141.2,150.9
Avoidable mortality,2010,Females,9,3226,133.6,128.9,138.2
Avoidable mortality,2010,Females,10,2906,122,117.6,126.5
Avoidable mortality,2011,Females,1,5903,336.1,327.4,344.8
Avoidable mortality,2011,Females,2,4947,270.3,262.7,278
Avoidable mortality,2011,Females,3,4541,236.9,230,243.9
Avoidable mortality,2011,Females,4,4327,207.4,201.2,213.6
Avoidable mortality,2011,Females,5,3997,179.6,174,185.2
Avoidable mortality,2011,Females,6,3827,163.3,158.1,168.5
Avoidable mortality,2011,Females,7,3598,149.9,145,154.9
Avoidable mortality,2011,Females,8,3458,143.1,138.3,147.9
Avoidable mortality,2011,Females,9,3115,127.2,122.7,131.7
Avoidable mortality,2011,Females,10,2749,112.5,108.3,116.7
Avoidable mortality,2012,Females,1,5898,334.7,326.1,343.4
Avoidable mortality,2012,Females,2,4875,265.8,258.2,273.3
Avoidable mortality,2012,Females,3,4476,230.2,223.4,237
Avoidable mortality,2012,Females,4,4224,198.9,192.9,205
Avoidable mortality,2012,Females,5,4060,178.3,172.8,183.8
Avoidable mortality,2012,Females,6,3869,162.2,157.1,167.3
Avoidable mortality,2012,Females,7,3690,150.7,145.8,155.6
Avoidable mortality,2012,Females,8,3379,137.5,132.9,142.2
Avoidable mortality,2012,Females,9,3111,124.6,120.2,129
Avoidable mortality,2012,Females,10,2784,111.2,107,115.3
Avoidable mortality,2013,Females,1,5928,332.3,323.8,340.9
Avoidable mortality,2013,Females,2,4972,266.2,258.7,273.7
Avoidable mortality,2013,Females,3,4557,229.8,223,236.5
Avoidable mortality,2013,Females,4,4303,200.1,194.1,206.1
Avoidable mortality,2013,Females,5,3985,172.3,166.9,177.6
Avoidable mortality,2013,Females,6,3952,162.1,157.1,167.2
Avoidable mortality,2013,Females,7,3571,142.6,137.9,147.3
Avoidable mortality,2013,Females,8,3344,132.9,128.4,137.4
Avoidable mortality,2013,Females,9,3142,123.6,119.3,128
Avoidable mortality,2013,Females,10,2812,110.9,106.8,115
Avoidable mortality,2014,Females,1,6060,334,325.5,342.5
Avoidable mortality,2014,Females,2,5089,268.5,261,276
Avoidable mortality,2014,Females,3,4552,225.7,219.1,232.3
Avoidable mortality,2014,Females,4,4406,200.4,194.5,206.4
Avoidable mortality,2014,Females,5,4050,171.7,166.4,177
Avoidable mortality,2014,Females,6,3849,155,150.1,159.9
Avoidable mortality,2014,Females,7,3698,145.2,140.5,149.9
Avoidable mortality,2014,Females,8,3545,138.3,133.7,142.8
Avoidable mortality,2014,Females,9,3231,124.6,120.3,128.9
Avoidable mortality,2014,Females,10,2766,107.1,103.1,111.2
Avoidable mortality,2015,Females,1,6266,341.6,333,350.1
Avoidable mortality,2015,Females,2,5301,275.4,267.9,282.9
Avoidable mortality,2015,Females,3,4627,226.4,219.8,233
Avoidable mortality,2015,Females,4,4386,195.8,190,201.6
Avoidable mortality,2015,Females,5,4203,174.7,169.4,180
Avoidable mortality,2015,Females,6,4124,163,158,168
Avoidable mortality,2015,Females,7,3693,142.6,138,147.3
Avoidable mortality,2015,Females,8,3457,132.6,128.2,137.1
Avoidable mortality,2015,Females,9,3222,121.6,117.4,125.8
Avoidable mortality,2015,Females,10,2792,105.8,101.9,109.8
Avoidable mortality,2016,Females,1,6668,351.7,343.2,360.3
Avoidable mortality,2016,Females,2,5312,266.7,259.5,274
Avoidable mortality,2016,Females,3,4893,231.3,224.8,237.8
Avoidable mortality,2016,Females,4,4578,198.4,192.6,204.1
Avoidable mortality,2016,Females,5,4199,171.8,166.6,177
Avoidable mortality,2016,Females,6,3997,155.7,150.9,160.6
Avoidable mortality,2016,Females,7,3953,150.6,145.9,155.3
Avoidable mortality,2016,Females,8,3515,131.8,127.5,136.2
Avoidable mortality,2016,Females,9,3222,120.3,116.1,124.5
Avoidable mortality,2016,Females,10,2772,103.3,99.4,107.1
Avoidable mortality,2017,Females,1,6623,344.5,336.1,352.9
Avoidable mortality,2017,Females,2,5218,256.9,249.9,264
Avoidable mortality,2017,Females,3,4734,218.4,212.2,224.7
Avoidable mortality,2017,Females,4,4642,196.7,191.1,202.4
Avoidable mortality,2017,Females,5,4199,168,162.9,173.1
Avoidable mortality,2017,Females,6,3972,151.2,146.5,155.9
Avoidable mortality,2017,Females,7,3664,136.4,131.9,140.8
Avoidable mortality,2017,Females,8,3525,129,124.7,133.2
Avoidable mortality,2017,Females,9,3328,121.4,117.3,125.6
Avoidable mortality,2017,Females,10,2756,100.2,96.4,104
Avoidable mortality,2018,Females,1,6790,347.1,338.7,355.4
Avoidable mortality,2018,Females,2,5380,259.8,252.8,266.8
Avoidable mortality,2018,Females,3,4887,222.4,216.1,228.6
Avoidable mortality,2018,Females,4,4762,198.7,193.1,204.4
Avoidable mortality,2018,Females,5,4306,169.7,164.6,174.8
Avoidable mortality,2018,Females,6,3979,149.3,144.7,154
Avoidable mortality,2018,Females,7,3769,138.6,134.1,143
Avoidable mortality,2018,Females,8,3564,128.8,124.6,133.1
Avoidable mortality,2018,Females,9,3349,120.6,116.5,124.7
Avoidable mortality,2018,Females,10,2818,101.5,97.7,105.3
Avoidable mortality,2019,Females,1,6808,342.9,334.7,351.1
Avoidable mortality,2019,Females,2,5414,257.2,250.3,264.1
Avoidable mortality,2019,Females,3,4898,219.1,213,225.3
Avoidable mortality,2019,Females,4,4593,189.2,183.7,194.7
Avoidable mortality,2019,Females,5,4285,166.8,161.8,171.8
Avoidable mortality,2019,Females,6,4016,149.1,144.5,153.7
Avoidable mortality,2019,Females,7,3561,130.1,125.8,134.4
Avoidable mortality,2019,Females,8,3526,126.5,122.3,130.7
Avoidable mortality,2019,Females,9,3251,116,112,120
Avoidable mortality,2019,Females,10,2705,97.4,93.7,101.1
Avoidable mortality,2020,Females,1,7858,391.3,382.6,400
Avoidable mortality,2020,Females,2,6466,303,295.6,310.4
Avoidable mortality,2020,Females,3,5663,249.9,243.3,256.4
Avoidable mortality,2020,Females,4,5039,205.8,200.1,211.5
Avoidable mortality,2020,Females,5,4735,182.9,177.6,188.1
Avoidable mortality,2020,Females,6,4448,163.7,158.8,168.5
Avoidable mortality,2020,Females,7,4086,147.7,143.2,152.3
Avoidable mortality,2020,Females,8,4059,145.2,140.7,149.6
Avoidable mortality,2020,Females,9,3569,126.2,122.1,130.4
Avoidable mortality,2020,Females,10,3011,107.1,103.3,111
Avoidable mortality,2020 (excluding COVID-19),Females,1,6816,338,329.9,346.1
Avoidable mortality,2020 (excluding COVID-19),Females,2,5524,257.9,251,264.7
Avoidable mortality,2020 (excluding COVID-19),Females,3,4844,213.4,207.3,219.4
Avoidable mortality,2020 (excluding COVID-19),Females,4,4423,180.5,175.2,185.8
Avoidable mortality,2020 (excluding COVID-19),Females,5,4145,160.2,155.3,165.1
Avoidable mortality,2020 (excluding COVID-19),Females,6,3937,145,140.5,149.6
Avoidable mortality,2020 (excluding COVID-19),Females,7,3624,131.3,127,135.6
Avoidable mortality,2020 (excluding COVID-19),Females,8,3644,130.6,126.3,134.8
Avoidable mortality,2020 (excluding COVID-19),Females,9,3206,113.6,109.6,117.5
Avoidable mortality,2020 (excluding COVID-19),Females,10,2740,97.7,94,101.4
Treatable mortality,2001,Females,1,3227.5,186.1,179.6,192.6
Treatable mortality,2001,Females,2,2784.5,156.5,150.6,162.3
Treatable mortality,2001,Females,3,2691,147.5,141.9,153.1
Treatable mortality,2001,Females,4,2492,130.3,125.2,135.4
Treatable mortality,2001,Females,5,2507,126.3,121.3,131.3
Treatable mortality,2001,Females,6,2315.5,112.4,107.8,117
Treatable mortality,2001,Females,7,2180.5,103,98.6,107.3
Treatable mortality,2001,Females,8,2108,99.8,95.5,104
Treatable mortality,2001,Females,9,2069,97.2,93,101.4
Treatable mortality,2001,Females,10,1824.5,88.3,84.2,92.4
Treatable mortality,2002,Females,1,3058,178.7,172.3,185
Treatable mortality,2002,Females,2,2692.5,152.3,146.5,158.1
Treatable mortality,2002,Females,3,2573.5,142.4,136.9,148
Treatable mortality,2002,Females,4,2452.5,127.9,122.8,132.9
Treatable mortality,2002,Females,5,2352,117.6,112.8,122.3
Treatable mortality,2002,Females,6,2272.5,109.5,105,114
Treatable mortality,2002,Females,7,2282.5,106.6,102.2,111
Treatable mortality,2002,Females,8,2070.5,96.7,92.5,100.8
Treatable mortality,2002,Females,9,1934,88.7,84.8,92.7
Treatable mortality,2002,Females,10,1798,85.4,81.5,89.4
Treatable mortality,2003,Females,1,2893,170.8,164.5,177.1
Treatable mortality,2003,Females,2,2651.5,150.9,145.1,156.6
Treatable mortality,2003,Females,3,2570,142,136.5,147.5
Treatable mortality,2003,Females,4,2445,126.7,121.6,131.7
Treatable mortality,2003,Females,5,2235,110.7,106.1,115.3
Treatable mortality,2003,Females,6,2242.5,106.9,102.5,111.4
Treatable mortality,2003,Females,7,2106.5,96.8,92.7,101
Treatable mortality,2003,Females,8,2028.5,93.1,89.1,97.2
Treatable mortality,2003,Females,9,2031.5,92,87.9,96
Treatable mortality,2003,Females,10,1778.5,83.2,79.3,87.1
Treatable mortality,2004,Females,1,2804.5,164,157.9,170.1
Treatable mortality,2004,Females,2,2528.5,146.1,140.4,151.9
Treatable mortality,2004,Females,3,2421.5,132.2,126.9,137.5
Treatable mortality,2004,Females,4,2299,119.9,115,124.9
Treatable mortality,2004,Females,5,2132.5,103.3,98.9,107.7
Treatable mortality,2004,Females,6,2119,100.9,96.6,105.2
Treatable mortality,2004,Females,7,2091.5,94.8,90.8,98.9
Treatable mortality,2004,Females,8,1984.5,91,87,95.1
Treatable mortality,2004,Females,9,1894,85.2,81.3,89
Treatable mortality,2004,Females,10,1661.5,76,72.4,79.7
Treatable mortality,2005,Females,1,2625,154.5,148.5,160.4
Treatable mortality,2005,Females,2,2435,141.8,136.2,147.5
Treatable mortality,2005,Females,3,2340.5,128,122.8,133.3
Treatable mortality,2005,Females,4,2269,118.1,113.2,123
Treatable mortality,2005,Females,5,2145,103,98.6,107.4
Treatable mortality,2005,Females,6,2099.5,99.1,94.9,103.4
Treatable mortality,2005,Females,7,2024,90.6,86.6,94.5
Treatable mortality,2005,Females,8,1918.5,86.7,82.8,90.5
Treatable mortality,2005,Females,9,1873.5,82.8,79.1,86.6
Treatable mortality,2005,Females,10,1612.5,72.7,69.1,76.3
Treatable mortality,2006,Females,1,2588,153.8,147.8,159.8
Treatable mortality,2006,Females,2,2257.5,132.2,126.7,137.7
Treatable mortality,2006,Females,3,2164,118.6,113.6,123.7
Treatable mortality,2006,Females,4,2145,111,106.3,115.7
Treatable mortality,2006,Females,5,2025,96.6,92.4,100.8
Treatable mortality,2006,Females,6,2009.5,94.2,90,98.3
Treatable mortality,2006,Females,7,1980.5,87.8,83.9,91.7
Treatable mortality,2006,Females,8,1916.5,85.7,81.9,89.6
Treatable mortality,2006,Females,9,1822.5,80.3,76.6,84
Treatable mortality,2006,Females,10,1645,73.6,70,77.1
Treatable mortality,2007,Females,1,2516,147.1,141.3,152.9
Treatable mortality,2007,Females,2,2222,128.8,123.4,134.2
Treatable mortality,2007,Females,3,2090,113.9,109,118.9
Treatable mortality,2007,Females,4,2057,105.1,100.5,109.6
Treatable mortality,2007,Females,5,2033,96.7,92.4,100.9
Treatable mortality,2007,Females,6,1980.5,89.5,85.6,93.5
Treatable mortality,2007,Females,7,1882.5,82.3,78.6,86.1
Treatable mortality,2007,Females,8,1823.5,79.6,75.9,83.2
Treatable mortality,2007,Females,9,1769.5,77.7,74.1,81.3
Treatable mortality,2007,Females,10,1612.5,71.3,67.8,74.8
Treatable mortality,2008,Females,1,2506.5,145.4,139.6,151.2
Treatable mortality,2008,Females,2,2290,130.7,125.3,136.1
Treatable mortality,2008,Females,3,2147.5,115.7,110.8,120.7
Treatable mortality,2008,Females,4,2047.5,103.4,98.9,108
Treatable mortality,2008,Females,5,2030,95.1,90.9,99.3
Treatable mortality,2008,Females,6,1943.5,86.6,82.7,90.4
Treatable mortality,2008,Females,7,1872.5,80.5,76.9,84.2
Treatable mortality,2008,Females,8,1756.5,75.2,71.6,78.7
Treatable mortality,2008,Females,9,1705,72.8,69.3,76.3
Treatable mortality,2008,Females,10,1564.5,67.8,64.5,71.2
Treatable mortality,2009,Females,1,2303,132.8,127.3,138.3
Treatable mortality,2009,Females,2,2117.5,119.9,114.7,125.1
Treatable mortality,2009,Females,3,2035.5,108.3,103.6,113.1
Treatable mortality,2009,Females,4,2080.5,103.2,98.8,107.7
Treatable mortality,2009,Females,5,1908,88.3,84.3,92.3
Treatable mortality,2009,Females,6,1881.5,82,78.3,85.8
Treatable mortality,2009,Females,7,1828,76.9,73.4,80.5
Treatable mortality,2009,Females,8,1751,73.3,69.8,76.7
Treatable mortality,2009,Females,9,1688.5,70.7,67.3,74.1
Treatable mortality,2009,Females,10,1486.5,63.1,59.9,66.3
Treatable mortality,2010,Females,1,2338.5,135,129.4,140.5
Treatable mortality,2010,Females,2,2011,112.5,107.5,117.5
Treatable mortality,2010,Females,3,1982.5,104,99.4,108.6
Treatable mortality,2010,Females,4,1894.5,93.3,89.1,97.5
Treatable mortality,2010,Females,5,1886.5,85.6,81.7,89.4
Treatable mortality,2010,Females,6,1882.5,81,77.3,84.6
Treatable mortality,2010,Females,7,1744.5,72.8,69.3,76.2
Treatable mortality,2010,Females,8,1745.5,71.8,68.4,75.2
Treatable mortality,2010,Females,9,1606.5,66.3,63,69.6
Treatable mortality,2010,Females,10,1504.5,62.9,59.7,66.1
Treatable mortality,2011,Females,1,2221,126.8,121.4,132.1
Treatable mortality,2011,Females,2,2036.5,110.3,105.5,115.2
Treatable mortality,2011,Females,3,1881.5,98.1,93.6,102.6
Treatable mortality,2011,Females,4,1812.5,87,83,91
Treatable mortality,2011,Females,5,1839,82.5,78.7,86.3
Treatable mortality,2011,Females,6,1778,75.8,72.3,79.3
Treatable mortality,2011,Females,7,1757,73.2,69.8,76.6
Treatable mortality,2011,Females,8,1646.5,68,64.7,71.3
Treatable mortality,2011,Females,9,1481.5,60.1,57.1,63.2
Treatable mortality,2011,Females,10,1418,57.9,54.9,60.9
Treatable mortality,2012,Females,1,2189,123.3,118,128.5
Treatable mortality,2012,Females,2,1998,108.6,103.7,113.4
Treatable mortality,2012,Females,3,1929.5,99.5,95,104
Treatable mortality,2012,Females,4,1886.5,88.6,84.5,92.6
Treatable mortality,2012,Females,5,1819,79.9,76.2,83.6
Treatable mortality,2012,Females,6,1780,74.5,71,77.9
Treatable mortality,2012,Females,7,1766.5,72.2,68.8,75.5
Treatable mortality,2012,Females,8,1631,66.3,63.1,69.5
Treatable mortality,2012,Females,9,1550.5,62.1,59,65.2
Treatable mortality,2012,Females,10,1420,56.7,53.8,59.7
Treatable mortality,2013,Females,1,2277,127.1,121.8,132.4
Treatable mortality,2013,Females,2,2018,107.6,102.8,112.3
Treatable mortality,2013,Females,3,1928,97,92.6,101.4
Treatable mortality,2013,Females,4,1844,85.6,81.7,89.6
Treatable mortality,2013,Females,5,1750,75.9,72.3,79.4
Treatable mortality,2013,Females,6,1831,75,71.6,78.5
Treatable mortality,2013,Females,7,1673.5,66.7,63.5,69.9
Treatable mortality,2013,Females,8,1614,64.2,61,67.3
Treatable mortality,2013,Females,9,1521,59.7,56.7,62.7
Treatable mortality,2013,Females,10,1402.5,55.1,52.2,58
Treatable mortality,2014,Females,1,2288.5,125.5,120.3,130.7
Treatable mortality,2014,Females,2,1997.5,104.7,100,109.4
Treatable mortality,2014,Females,3,1876.5,93.1,88.9,97.4
Treatable mortality,2014,Females,4,1860.5,84.5,80.6,88.4
Treatable mortality,2014,Females,5,1811.5,76.8,73.3,80.4
Treatable mortality,2014,Females,6,1757,70.9,67.5,74.2
Treatable mortality,2014,Females,7,1703,66.9,63.8,70.1
Treatable mortality,2014,Females,8,1704,66.5,63.3,69.6
Treatable mortality,2014,Females,9,1571.5,60.5,57.5,63.5
Treatable mortality,2014,Females,10,1367.5,52.9,50.1,55.7
Treatable mortality,2015,Females,1,2316.5,125.4,120.2,130.6
Treatable mortality,2015,Females,2,2112,109.6,104.9,114.4
Treatable mortality,2015,Females,3,1923.5,94.2,90,98.5
Treatable mortality,2015,Females,4,1890.5,84.5,80.7,88.3
Treatable mortality,2015,Females,5,1860.5,77.3,73.8,80.8
Treatable mortality,2015,Females,6,1865.5,73.7,70.3,77
Treatable mortality,2015,Females,7,1705,65.9,62.7,69
Treatable mortality,2015,Females,8,1614.5,62.1,59,65.1
Treatable mortality,2015,Females,9,1612,60.8,57.8,63.8
Treatable mortality,2015,Females,10,1407,53.3,50.5,56.1
Treatable mortality,2016,Females,1,2504.5,131.3,126.1,136.5
Treatable mortality,2016,Females,2,2172,108.5,103.9,113.1
Treatable mortality,2016,Females,3,2035.5,95.7,91.5,99.9
Treatable mortality,2016,Females,4,1978.5,85.8,82,89.6
Treatable mortality,2016,Females,5,1886.5,77.1,73.6,80.6
Treatable mortality,2016,Females,6,1891.5,73.8,70.5,77.1
Treatable mortality,2016,Females,7,1791,68.3,65.2,71.5
Treatable mortality,2016,Females,8,1671,62.7,59.7,65.7
Treatable mortality,2016,Females,9,1611.5,60.2,57.2,63.1
Treatable mortality,2016,Females,10,1394.5,52,49.2,54.7
Treatable mortality,2017,Females,1,2456,127.2,122.1,132.3
Treatable mortality,2017,Females,2,2085,102.2,97.7,106.6
Treatable mortality,2017,Females,3,1987.5,91.5,87.4,95.5
Treatable mortality,2017,Females,4,2006,84.9,81.2,88.7
Treatable mortality,2017,Females,5,1872,74.9,71.5,78.3
Treatable mortality,2017,Females,6,1809.5,68.9,65.7,72.1
Treatable mortality,2017,Females,7,1705,63.4,60.4,66.5
Treatable mortality,2017,Females,8,1686,61.8,58.8,64.7
Treatable mortality,2017,Females,9,1606,58.7,55.8,61.5
Treatable mortality,2017,Females,10,1416,51.5,48.8,54.2
Treatable mortality,2018,Females,1,2533,128.9,123.9,134
Treatable mortality,2018,Females,2,2191.5,105.5,101.1,110
Treatable mortality,2018,Females,3,2021,91.9,87.8,95.9
Treatable mortality,2018,Females,4,2101,87.6,83.9,91.4
Treatable mortality,2018,Females,5,1922,75.7,72.3,79
Treatable mortality,2018,Females,6,1820.5,68.4,65.3,71.6
Treatable mortality,2018,Females,7,1726,63.6,60.6,66.6
Treatable mortality,2018,Females,8,1729,62.6,59.6,65.6
Treatable mortality,2018,Females,9,1619,58.2,55.4,61.1
Treatable mortality,2018,Females,10,1432,51.8,49.1,54.5
Treatable mortality,2019,Females,1,2436.5,122.1,117.2,127
Treatable mortality,2019,Females,2,2145,101.6,97.3,105.9
Treatable mortality,2019,Females,3,2052,91.6,87.7,95.6
Treatable mortality,2019,Females,4,1961,80.9,77.3,84.5
Treatable mortality,2019,Females,5,1867,72.7,69.4,76
Treatable mortality,2019,Females,6,1847.5,68.7,65.5,71.8
Treatable mortality,2019,Females,7,1649,60.2,57.3,63.2
Treatable mortality,2019,Females,8,1653.5,59.3,56.5,62.2
Treatable mortality,2019,Females,9,1618,57.8,54.9,60.6
Treatable mortality,2019,Females,10,1361,49,46.4,51.6
Treatable mortality,2020,Females,1,2563.5,126.9,121.9,131.8
Treatable mortality,2020,Females,2,2201,102.6,98.3,106.9
Treatable mortality,2020,Females,3,2014,88.8,85,92.7
Treatable mortality,2020,Females,4,1868.5,76.3,72.9,79.8
Treatable mortality,2020,Females,5,1778,68.9,65.7,72.1
Treatable mortality,2020,Females,6,1768.5,65.3,62.3,68.4
Treatable mortality,2020,Females,7,1631.5,58.9,56.1,61.8
Treatable mortality,2020,Females,8,1734.5,62.2,59.2,65.1
Treatable mortality,2020,Females,9,1590,56.5,53.7,59.3
Treatable mortality,2020,Females,10,1404,50.1,47.5,52.8
Preventable mortality,2001,Females,1,4251.5,243.4,236,250.8
Preventable mortality,2001,Females,2,3422.5,190.6,184.2,197.1
Preventable mortality,2001,Females,3,3006,164.5,158.6,170.4
Preventable mortality,2001,Females,4,2729,142.4,137,147.8
Preventable mortality,2001,Females,5,2483,124.7,119.8,129.6
Preventable mortality,2001,Females,6,2334.5,113.3,108.7,118
Preventable mortality,2001,Females,7,2098.5,99.4,95.2,103.7
Preventable mortality,2001,Females,8,1873,89.1,85.1,93.2
Preventable mortality,2001,Females,9,1717,81,77.2,84.9
Preventable mortality,2001,Females,10,1444.5,70.5,66.8,74.1
Preventable mortality,2002,Females,1,4106,238.1,230.7,245.4
Preventable mortality,2002,Females,2,3319.5,186.9,180.5,193.3
Preventable mortality,2002,Females,3,2929.5,160.7,154.9,166.6
Preventable mortality,2002,Females,4,2602.5,135.6,130.4,140.8
Preventable mortality,2002,Females,5,2464,123.1,118.2,128
Preventable mortality,2002,Females,6,2262.5,109.2,104.6,113.7
Preventable mortality,2002,Females,7,2063.5,96.5,92.3,100.7
Preventable mortality,2002,Females,8,1882.5,88,84,91.9
Preventable mortality,2002,Females,9,1717,79.8,76,83.6
Preventable mortality,2002,Females,10,1465,70.5,66.9,74.2
Preventable mortality,2003,Females,1,4158,242.8,235.4,250.3
Preventable mortality,2003,Females,2,3283.5,185.2,178.8,191.6
Preventable mortality,2003,Females,3,2913,160.7,154.9,166.6
Preventable mortality,2003,Females,4,2648,137,131.7,142.2
Preventable mortality,2003,Females,5,2469,121.9,117,126.7
Preventable mortality,2003,Females,6,2265.5,108.2,103.7,112.7
Preventable mortality,2003,Females,7,2057.5,95,90.8,99.1
Preventable mortality,2003,Females,8,1886.5,87.1,83.1,91
Preventable mortality,2003,Females,9,1742.5,79.6,75.8,83.3
Preventable mortality,2003,Females,10,1423.5,67.1,63.6,70.6
Preventable mortality,2004,Females,1,3889.5,226.4,219.2,233.6
Preventable mortality,2004,Females,2,3192.5,184.5,178,190.9
Preventable mortality,2004,Females,3,2865.5,155.6,149.9,161.4
Preventable mortality,2004,Females,4,2470,128.3,123.2,133.4
Preventable mortality,2004,Females,5,2313.5,111.5,107,116.1
Preventable mortality,2004,Females,6,2117,100.8,96.5,105.1
Preventable mortality,2004,Females,7,2009.5,91.4,87.4,95.4
Preventable mortality,2004,Females,8,1840.5,84.5,80.7,88.4
Preventable mortality,2004,Females,9,1691,76.7,73,80.4
Preventable mortality,2004,Females,10,1364.5,63.1,59.7,66.5
Preventable mortality,2005,Females,1,3783,221.5,214.3,228.6
Preventable mortality,2005,Females,2,3026,175.7,169.4,182.1
Preventable mortality,2005,Females,3,2745.5,149.2,143.6,154.8
Preventable mortality,2005,Females,4,2525,131.2,126,136.3
Preventable mortality,2005,Females,5,2322,111.5,106.9,116
Preventable mortality,2005,Females,6,2128.5,100.5,96.2,104.8
Preventable mortality,2005,Females,7,1965,88.6,84.6,92.5
Preventable mortality,2005,Females,8,1804.5,81.7,77.9,85.5
Preventable mortality,2005,Females,9,1679.5,75.2,71.6,78.8
Preventable mortality,2005,Females,10,1391.5,63.4,60,66.7
Preventable mortality,2006,Females,1,3785,222.7,215.5,229.9
Preventable mortality,2006,Females,2,2944.5,172.4,166.1,178.6
Preventable mortality,2006,Females,3,2680,145.5,140,151.1
Preventable mortality,2006,Females,4,2422,125.8,120.8,130.9
Preventable mortality,2006,Females,5,2346,111.9,107.3,116.4
Preventable mortality,2006,Females,6,2105.5,98.8,94.6,103
Preventable mortality,2006,Females,7,1934.5,86.1,82.3,90
Preventable mortality,2006,Females,8,1836.5,82.7,78.9,86.5
Preventable mortality,2006,Females,9,1648.5,73,69.5,76.6
Preventable mortality,2006,Females,10,1436,64.6,61.2,67.9
Preventable mortality,2007,Females,1,3810,223.3,216.2,230.5
Preventable mortality,2007,Females,2,3074,178.7,172.3,185.1
Preventable mortality,2007,Females,3,2601,141.5,136.1,147
Preventable mortality,2007,Females,4,2408,123.6,118.6,128.5
Preventable mortality,2007,Females,5,2282,108.4,104,112.9
Preventable mortality,2007,Females,6,2057.5,93.3,89.2,97.3
Preventable mortality,2007,Females,7,1976.5,86.7,82.8,90.5
Preventable mortality,2007,Females,8,1842.5,80.4,76.7,84
Preventable mortality,2007,Females,9,1593.5,70.5,67,74
Preventable mortality,2007,Females,10,1346.5,60.3,57.1,63.6
Preventable mortality,2008,Females,1,3910.5,227.9,220.6,235.1
Preventable mortality,2008,Females,2,3065,176,169.7,182.3
Preventable mortality,2008,Females,3,2766.5,148.7,143.1,154.3
Preventable mortality,2008,Females,4,2432.5,122.1,117.2,127
Preventable mortality,2008,Females,5,2274,106.4,102,110.8
Preventable mortality,2008,Females,6,2068.5,92.1,88.1,96.1
Preventable mortality,2008,Females,7,1992.5,86,82.2,89.8
Preventable mortality,2008,Females,8,1808.5,77.5,74,81.1
Preventable mortality,2008,Females,9,1706,73.6,70.1,77.1
Preventable mortality,2008,Females,10,1370.5,59.8,56.6,63
Preventable mortality,2009,Females,1,3617,208.7,201.8,215.6
Preventable mortality,2009,Females,2,2906.5,165.2,159.1,171.3
Preventable mortality,2009,Females,3,2694.5,143.5,138,149
Preventable mortality,2009,Females,4,2362.5,117.4,112.6,122.1
Preventable mortality,2009,Females,5,2250,103.9,99.6,108.2
Preventable mortality,2009,Females,6,1949.5,85.3,81.5,89.1
Preventable mortality,2009,Females,7,1896,80,76.3,83.6
Preventable mortality,2009,Females,8,1827,76.3,72.7,79.8
Preventable mortality,2009,Females,9,1586.5,66.6,63.4,69.9
Preventable mortality,2009,Females,10,1338.5,57.5,54.4,60.6
Preventable mortality,2010,Females,1,3677.5,211.6,204.6,218.5
Preventable mortality,2010,Females,2,2890,164.2,158.1,170.3
Preventable mortality,2010,Females,3,2694.5,141.5,136.1,146.9
Preventable mortality,2010,Females,4,2374.5,117.2,112.5,122
Preventable mortality,2010,Females,5,2212.5,100.4,96.2,104.6
Preventable mortality,2010,Females,6,2059.5,88.5,84.7,92.3
Preventable mortality,2010,Females,7,1937.5,80.7,77.1,84.3
Preventable mortality,2010,Females,8,1803.5,74.2,70.8,77.7
Preventable mortality,2010,Females,9,1619.5,67.3,64,70.6
Preventable mortality,2010,Females,10,1401.5,59.1,56,62.2
Preventable mortality,2011,Females,1,3682,209.3,202.5,216.2
Preventable mortality,2011,Females,2,2910.5,160,154.1,165.9
Preventable mortality,2011,Females,3,2659.5,138.8,133.5,144.2
Preventable mortality,2011,Females,4,2514.5,120.4,115.7,125.1
Preventable mortality,2011,Females,5,2158,97.1,93,101.2
Preventable mortality,2011,Females,6,2049,87.5,83.7,91.3
Preventable mortality,2011,Females,7,1841,76.8,73.2,80.3
Preventable mortality,2011,Females,8,1811.5,75.1,71.6,78.6
Preventable mortality,2011,Females,9,1633.5,67,63.8,70.3
Preventable mortality,2011,Females,10,1331,54.6,51.7,57.6
Preventable mortality,2012,Females,1,3709,211.5,204.6,218.3
Preventable mortality,2012,Females,2,2877,157.2,151.4,163
Preventable mortality,2012,Females,3,2546.5,130.7,125.6,135.8
Preventable mortality,2012,Females,4,2337.5,110.4,105.9,114.9
Preventable mortality,2012,Females,5,2241,98.4,94.3,102.5
Preventable mortality,2012,Females,6,2089,87.8,84,91.5
Preventable mortality,2012,Females,7,1923.5,78.6,75,82.1
Preventable mortality,2012,Females,8,1748,71.2,67.9,74.6
Preventable mortality,2012,Females,9,1560.5,62.6,59.4,65.7
Preventable mortality,2012,Females,10,1364,54.5,51.6,57.4
Preventable mortality,2013,Females,1,3651,205.2,198.5,212
Preventable mortality,2013,Females,2,2954,158.7,152.9,164.5
Preventable mortality,2013,Females,3,2629,132.8,127.6,137.9
Preventable mortality,2013,Females,4,2459,114.5,109.9,119
Preventable mortality,2013,Females,5,2235,96.4,92.4,100.4
Preventable mortality,2013,Females,6,2121,87.1,83.4,90.8
Preventable mortality,2013,Females,7,1897.5,75.9,72.4,79.3
Preventable mortality,2013,Females,8,1730,68.7,65.5,72
Preventable mortality,2013,Females,9,1621,63.9,60.8,67
Preventable mortality,2013,Females,10,1409.5,55.8,52.9,58.8
Preventable mortality,2014,Females,1,3771.5,208.5,201.7,215.2
Preventable mortality,2014,Females,2,3091.5,163.8,158,169.7
Preventable mortality,2014,Females,3,2675.5,132.5,127.5,137.6
Preventable mortality,2014,Females,4,2545.5,115.9,111.4,120.4
Preventable mortality,2014,Females,5,2238.5,94.9,90.9,98.8
Preventable mortality,2014,Females,6,2092,84.1,80.5,87.8
Preventable mortality,2014,Females,7,1995,78.3,74.8,81.7
Preventable mortality,2014,Females,8,1841,71.8,68.5,75.1
Preventable mortality,2014,Females,9,1659.5,64,60.9,67.1
Preventable mortality,2014,Females,10,1398.5,54.2,51.4,57.1
Preventable mortality,2015,Females,1,3949.5,216.2,209.3,223
Preventable mortality,2015,Females,2,3189,165.8,160,171.6
Preventable mortality,2015,Females,3,2703.5,132.2,127.1,137.2
Preventable mortality,2015,Females,4,2495.5,111.3,106.9,115.7
Preventable mortality,2015,Females,5,2342.5,97.4,93.4,101.3
Preventable mortality,2015,Females,6,2258.5,89.3,85.6,93
Preventable mortality,2015,Females,7,1988,76.8,73.4,80.2
Preventable mortality,2015,Females,8,1842.5,70.6,67.3,73.8
Preventable mortality,2015,Females,9,1610,60.8,57.8,63.8
Preventable mortality,2015,Females,10,1385,52.6,49.8,55.3
Preventable mortality,2016,Females,1,4163.5,220.5,213.7,227.2
Preventable mortality,2016,Females,2,3140,158.2,152.6,163.8
Preventable mortality,2016,Females,3,2857.5,135.5,130.5,140.6
Preventable mortality,2016,Females,4,2599.5,112.6,108.2,116.9
Preventable mortality,2016,Females,5,2312.5,94.7,90.8,98.6
Preventable mortality,2016,Females,6,2105.5,81.9,78.4,85.5
Preventable mortality,2016,Females,7,2162,82.2,78.8,85.7
Preventable mortality,2016,Females,8,1844,69.2,66,72.3
Preventable mortality,2016,Females,9,1610.5,60.1,57.2,63.1
Preventable mortality,2016,Females,10,1377.5,51.3,48.6,54
Preventable mortality,2017,Females,1,4167,217.3,210.7,224
Preventable mortality,2017,Females,2,3133,154.8,149.3,160.2
Preventable mortality,2017,Females,3,2746.5,127,122.2,131.7
Preventable mortality,2017,Females,4,2636,111.8,107.5,116.1
Preventable mortality,2017,Females,5,2327,93.1,89.3,96.9
Preventable mortality,2017,Females,6,2162.5,82.3,78.8,85.8
Preventable mortality,2017,Females,7,1959,72.9,69.7,76.2
Preventable mortality,2017,Females,8,1839,67.2,64.1,70.3
Preventable mortality,2017,Females,9,1722,62.8,59.8,65.8
Preventable mortality,2017,Females,10,1340,48.7,46.1,51.3
Preventable mortality,2018,Females,1,4257,218.1,211.5,224.7
Preventable mortality,2018,Females,2,3188.5,154.2,148.8,159.6
Preventable mortality,2018,Females,3,2866,130.5,125.7,135.3
Preventable mortality,2018,Females,4,2661,111.1,106.9,115.4
Preventable mortality,2018,Females,5,2384,94.1,90.3,97.8
Preventable mortality,2018,Females,6,2158.5,80.9,77.5,84.3
Preventable mortality,2018,Females,7,2043,75,71.7,78.3
Preventable mortality,2018,Females,8,1835,66.3,63.2,69.3
Preventable mortality,2018,Females,9,1730,62.4,59.4,65.3
Preventable mortality,2018,Females,10,1386,49.8,47.1,52.4
Preventable mortality,2019,Females,1,4371.5,220.8,214.2,227.4
Preventable mortality,2019,Females,2,3269,155.6,150.3,161
Preventable mortality,2019,Females,3,2846,127.5,122.8,132.2
Preventable mortality,2019,Females,4,2632,108.3,104.2,112.4
Preventable mortality,2019,Females,5,2418,94.1,90.3,97.9
Preventable mortality,2019,Females,6,2168.5,80.4,77,83.8
Preventable mortality,2019,Females,7,1912,69.8,66.7,73
Preventable mortality,2019,Females,8,1872.5,67.1,64.1,70.2
Preventable mortality,2019,Females,9,1633,58.2,55.4,61.1
Preventable mortality,2019,Females,10,1344,48.4,45.7,51
Preventable mortality,2020,Females,1,5294.5,264.5,257.3,271.6
Preventable mortality,2020,Females,2,4265,200.4,194.3,206.5
Preventable mortality,2020,Females,3,3649,161,155.8,166.3
Preventable mortality,2020,Females,4,3170.5,129.4,124.9,134
Preventable mortality,2020,Females,5,2957,114,109.8,118.1
Preventable mortality,2020,Females,6,2679.5,98.4,94.6,102.1
Preventable mortality,2020,Females,7,2454.5,88.8,85.3,92.3
Preventable mortality,2020,Females,8,2324.5,83,79.6,86.4
Preventable mortality,2020,Females,9,1979,69.8,66.7,72.9
Preventable mortality,2020,Females,10,1607,57,54.2,59.8
Preventable mortality,2020 (excluding COVID-19),Females,1,4252.5,211.1,204.7,217.5
Preventable mortality,2020 (excluding COVID-19),Females,2,3323,155.3,150,160.6
Preventable mortality,2020 (excluding COVID-19),Females,3,2830,124.5,119.9,129.1
Preventable mortality,2020 (excluding COVID-19),Females,4,2554.5,104.1,100.1,108.2
Preventable mortality,2020 (excluding COVID-19),Females,5,2367,91.3,87.6,95
Preventable mortality,2020 (excluding COVID-19),Females,6,2168.5,79.7,76.4,83.1
Preventable mortality,2020 (excluding COVID-19),Females,7,1992.5,72.3,69.2,75.5
Preventable mortality,2020 (excluding COVID-19),Females,8,1909.5,68.4,65.3,71.5
Preventable mortality,2020 (excluding COVID-19),Females,9,1616,57.1,54.3,59.9
Preventable mortality,2020 (excluding COVID-19),Females,10,1336,47.6,45,50.2
